ejecucion,semilla,x_1,x_2,f(x),evaluaciones,cromosoma
1,2026,0.000000,0.000000,1.862645e-13,29500,100000000000000000000000100000000000000000000000
2,2027,-0.000000,-0.000000,1.862645e-13,29500,011111111111111111111111011111111111111111111111
3,2028,0.000000,0.000000,1.862645e-13,29500,100000000000000000000000100000000000000000000000
4,2029,-0.000000,0.000000,1.862645e-13,29500,011111111111111111111111100000000000000000000000
5,2030,-0.000000,0.000000,1.862645e-13,29500,011111111111111111111111100000000000000000000000
6,2031,0.000000,0.000000,1.862645e-13,29500,100000000000000000000000100000000000000000000000
7,2032,-0.000000,-0.000000,1.862645e-13,29500,011111111111111111111111011111111111111111111111
8,2033,-0.000000,0.000000,1.862645e-13,29500,011111111111111111111111100000000000000000000000
9,2034,0.000000,0.000000,1.862645e-13,29500,100000000000000000000000100000000000000000000000
10,2035,0.000000,-0.000000,1.862645e-13,29500,100000000000000000000000011111111111111111111111
11,2036,0.000000,0.000000,1.862645e-13,29500,100000000000000000000000100000000000000000000000
12,2037,-0.000000,0.000000,1.862645e-13,29500,011111111111111111111111100000000000000000000000
13,2038,-0.000000,0.000000,1.862645e-13,29500,011111111111111111111111100000000000000000000000
14,2039,-0.000000,0.000000,1.862645e-13,29500,011111111111111111111111100000000000000000000000
15,2040,0.000000,-0.000000,1.862645e-13,29500,100000000000000000000000011111111111111111111111
16,2041,-0.000000,-0.000000,1.862645e-13,29500,011111111111111111111111011111111111111111111111
17,2042,0.000000,0.000000,1.862645e-13,29500,100000000000000000000000100000000000000000000000
18,2043,-0.000000,-0.000000,1.862645e-13,29500,011111111111111111111111011111111111111111111111
19,2044,-0.000000,0.000000,1.862645e-13,29500,011111111111111111111111100000000000000000000000
20,2045,0.000000,-0.000000,1.862645e-13,29500,100000000000000000000000011111111111111111111111
21,2046,-0.000000,-0.000000,1.862645e-13,29500,011111111111111111111111011111111111111111111111
22,2047,0.000000,-0.000000,1.862645e-13,29500,100000000000000000000000011111111111111111111111
23,2048,0.000000,-0.000000,1.862645e-13,29500,100000000000000000000000011111111111111111111111
24,2049,0.000000,0.000000,1.862645e-13,29500,100000000000000000000000100000000000000000000000
25,2050,-0.000000,0.000000,1.862645e-13,29500,011111111111111111111111100000000000000000000000
26,2051,-0.000000,-0.000000,1.862645e-13,29500,011111111111111111111111011111111111111111111111
27,2052,0.000000,-0.000000,1.862645e-13,29500,100000000000000000000000011111111111111111111111
28,2053,0.000000,-0.000000,1.862645e-13,29500,100000000000000000000000011111111111111111111111
29,2054,-0.000000,0.000000,1.862645e-13,29500,011111111111111111111111100000000000000000000000
30,2055,-0.000000,0.000000,1.862645e-13,29500,011111111111111111111111100000000000000000000000
